{
  "model_name": "XGBoost",
  "model_path": "artifacts/production_model/model_xgb.json",
  "metrics_test": {
    "XGBoost": {
      "MAE": 494.1296812926857,
      "RMSE": 795.0295195987468,
      "MAPE (%)": 122.10790109365972,
      "sMAPE (%)": 62.749192328518475
    },
    "Ensemble (Ridge+SGD+XGB)": {
      "MAE": 492.1372106977979,
      "RMSE": 795.4215933885351,
      "MAPE (%)": 118.24739386481626,
      "sMAPE (%)": 62.268072333155985
    },
    "Ridge": {
      "MAE": 510.40003545577895,
      "RMSE": 826.8355458045933,
      "MAPE (%)": 109.87470898776155,
      "sMAPE (%)": 66.48675812424429
    },
    "SGD Regressor": {
      "MAE": 510.4829802399657,
      "RMSE": 827.2815234129966,
      "MAPE (%)": 112.35722958846723,
      "sMAPE (%)": 66.15968866656492
    },
    "Naive (lag1)": {
      "MAE": 531.5854087031302,
      "RMSE": 862.3139407546424,
      "MAPE (%)": 107.89064264212568,
      "sMAPE (%)": 71.20496183419469
    }
  }
}